ID,Description
10904040,
10908436,
10910278,
10927880,
10930395,
10934656,
10941841,
10944096,
10945999,
10950686,
10951317,
10951688,
10954314,
10954648,
10955531,
10956127,
10957237,
10957262,
10957619,
10957685,
10959335,
10959884,
10959945,
10960198,
10960724,
10960876,
10960890,
10961040,
10962441,
10963143,
10963302,
10964074,
10964138,
10966867,
10968321,
10969923,
10970272,
10970301,
10971731,
10972004,
10972450,
10972588,
10974871,
10975012,
10976578,
10977700,
10978203,
10978380,
10978526,
10978987,
10981370,
11028602,